{"cameraMode":{"drawMode":0,"name":"Shaded","section":"Shading Mode"},"sceneLighting":true,"audioPlay":false,"sceneViewState":{"showFog":true,"showMaterialUpdate":false,"showSkybox":true,"showFlares":true,"showImageEffects":true,"showParticleSystems":true},"in2DMode":false,"pivot":{"x":3.5346269607543947,"y":2.3847641944885256,"z":-3.4770455360412599},"rotation":{"x":-0.08954919129610062,"y":0.6394889950752258,"z":-0.07536279410123825,"w":-0.7598389983177185},"size":8.743695259094239,"orthographic":false}