{"cameraMode":{"drawMode":0,"name":"Shaded","section":"Shading Mode"},"sceneLighting":false,"audioPlay":false,"sceneViewState":{"showFog":true,"showMaterialUpdate":false,"showSkybox":false,"showFlares":true,"showImageEffects":true,"showParticleSystems":true},"in2DMode":false,"pivot":{"x":-2.913527488708496,"y":-1.7237898111343384,"z":4.983259201049805},"rotation":{"x":0.07098790258169174,"y":-0.36937227845191958,"z":0.0283123217523098,"w":0.9261335134506226},"size":20.078777313232423,"orthographic":false}